model,scope,races,winner_hit_rate,podium_hit_rate,podium_exact_rate,spearman,mae_positions,generated_at
xgboost,all,60,53.3,18.3,11.7,0.701,3.15,2026-09-28T09:23:22Z
grid,all,60,56.7,26.7,11.7,0.682,3.18,2026-09-28T09:23:22Z
standings,all,60,31.7,8.3,1.7,0.627,3.71,2026-09-28T09:23:22Z
xgboost,2024,23,39.1,17.4,17.4,0.746,2.91,2026-09-28T09:23:22Z
grid,2024,23,43.5,21.7,8.7,0.723,2.92,2026-09-28T09:23:22Z
standings,2024,23,34.8,8.7,4.3,0.683,3.32,2026-09-28T09:23:22Z
xgboost,2025,23,52.2,26.1,13.0,0.674,3.21,2026-09-28T09:23:22Z
grid,2025,23,65.2,34.8,17.4,0.658,3.29,2026-09-28T09:23:22Z
standings,2025,23,17.4,13.0,0.0,0.56,4.07,2026-09-28T09:23:22Z
xgboost,2026,14,78.6,7.1,0.0,0.672,3.46,2026-09-28T09:23:22Z
grid,2026,14,64.3,21.4,7.1,0.655,3.43,2026-09-28T09:23:22Z
standings,2026,14,50.0,0.0,0.0,0.644,3.79,2026-09-28T09:23:22Z
