model,season,round,race_name,driver_id,driver_name,constructor_id,grid,predicted_score,predicted_position
xgboost,2026,17,Singapore Grand Prix,max_verstappen,Max Verstappen,red_bull,1,3.8851,1
xgboost,2026,17,Singapore Grand Prix,antonelli,Andrea Kimi Antonelli,mercedes,4,4.1818,2
xgboost,2026,17,Singapore Grand Prix,leclerc,Charles Leclerc,ferrari,2,4.5034,3
xgboost,2026,17,Singapore Grand Prix,hamilton,Lewis Hamilton,ferrari,3,5.2339,4
xgboost,2026,17,Singapore Grand Prix,norris,Lando Norris,mclaren,5,6.1492,5
xgboost,2026,17,Singapore Grand Prix,russell,George Russell,mercedes,6,6.1761,6
xgboost,2026,17,Singapore Grand Prix,piastri,Oscar Piastri,mclaren,7,7.1935,7
xgboost,2026,17,Singapore Grand Prix,hadjar,Isack Hadjar,red_bull,22,10.2072,8
xgboost,2026,17,Singapore Grand Prix,gasly,Pierre Gasly,alpine,8,10.3514,9
xgboost,2026,17,Singapore Grand Prix,lawson,Liam Lawson,rb,9,10.6308,10
xgboost,2026,17,Singapore Grand Prix,arvid_lindblad,Arvid Lindblad,rb,10,11.5093,11
xgboost,2026,17,Singapore Grand Prix,hulkenberg,Nico Hülkenberg,audi,11,12.0262,12
xgboost,2026,17,Singapore Grand Prix,bearman,Oliver Bearman,haas,12,13.0899,13
xgboost,2026,17,Singapore Grand Prix,ocon,Esteban Ocon,haas,13,13.4315,14
xgboost,2026,17,Singapore Grand Prix,bortoleto,Gabriel Bortoleto,audi,15,13.5964,15
xgboost,2026,17,Singapore Grand Prix,colapinto,Franco Colapinto,alpine,16,13.9414,16
xgboost,2026,17,Singapore Grand Prix,sainz,Carlos Sainz,williams,14,14.7099,17
xgboost,2026,17,Singapore Grand Prix,alonso,Fernando Alonso,aston_martin,17,15.6837,18
xgboost,2026,17,Singapore Grand Prix,albon,Alexander Albon,williams,18,16.0721,19
xgboost,2026,17,Singapore Grand Prix,stroll,Lance Stroll,aston_martin,19,16.2713,20
xgboost,2026,17,Singapore Grand Prix,perez,Sergio Pérez,cadillac,20,16.4574,21
xgboost,2026,17,Singapore Grand Prix,bottas,Valtteri Bottas,cadillac,21,17.2957,22
grid,2026,17,Singapore Grand Prix,max_verstappen,Max Verstappen,red_bull,1,1.0,1
grid,2026,17,Singapore Grand Prix,leclerc,Charles Leclerc,ferrari,2,2.0,2
grid,2026,17,Singapore Grand Prix,hamilton,Lewis Hamilton,ferrari,3,3.0,3
grid,2026,17,Singapore Grand Prix,antonelli,Andrea Kimi Antonelli,mercedes,4,4.0,4
grid,2026,17,Singapore Grand Prix,norris,Lando Norris,mclaren,5,5.0,5
grid,2026,17,Singapore Grand Prix,russell,George Russell,mercedes,6,6.0,6
grid,2026,17,Singapore Grand Prix,piastri,Oscar Piastri,mclaren,7,7.0,7
grid,2026,17,Singapore Grand Prix,gasly,Pierre Gasly,alpine,8,8.0,8
grid,2026,17,Singapore Grand Prix,lawson,Liam Lawson,rb,9,9.0,9
grid,2026,17,Singapore Grand Prix,arvid_lindblad,Arvid Lindblad,rb,10,10.0,10
grid,2026,17,Singapore Grand Prix,hulkenberg,Nico Hülkenberg,audi,11,11.0,11
grid,2026,17,Singapore Grand Prix,bearman,Oliver Bearman,haas,12,12.0,12
grid,2026,17,Singapore Grand Prix,ocon,Esteban Ocon,haas,13,13.0,13
grid,2026,17,Singapore Grand Prix,sainz,Carlos Sainz,williams,14,14.0,14
grid,2026,17,Singapore Grand Prix,bortoleto,Gabriel Bortoleto,audi,15,15.0,15
grid,2026,17,Singapore Grand Prix,colapinto,Franco Colapinto,alpine,16,16.0,16
grid,2026,17,Singapore Grand Prix,alonso,Fernando Alonso,aston_martin,17,17.0,17
grid,2026,17,Singapore Grand Prix,albon,Alexander Albon,williams,18,18.0,18
grid,2026,17,Singapore Grand Prix,stroll,Lance Stroll,aston_martin,19,19.0,19
grid,2026,17,Singapore Grand Prix,perez,Sergio Pérez,cadillac,20,20.0,20
grid,2026,17,Singapore Grand Prix,bottas,Valtteri Bottas,cadillac,21,21.0,21
grid,2026,17,Singapore Grand Prix,hadjar,Isack Hadjar,red_bull,22,22.0,22
standings,2026,17,Singapore Grand Prix,antonelli,Andrea Kimi Antonelli,mercedes,4,1.0,1
standings,2026,17,Singapore Grand Prix,russell,George Russell,mercedes,6,2.0,2
standings,2026,17,Singapore Grand Prix,hamilton,Lewis Hamilton,ferrari,3,3.0,3
standings,2026,17,Singapore Grand Prix,max_verstappen,Max Verstappen,red_bull,1,4.0,4
standings,2026,17,Singapore Grand Prix,leclerc,Charles Leclerc,ferrari,2,5.0,5
standings,2026,17,Singapore Grand Prix,norris,Lando Norris,mclaren,5,6.0,6
standings,2026,17,Singapore Grand Prix,piastri,Oscar Piastri,mclaren,7,7.0,7
standings,2026,17,Singapore Grand Prix,hadjar,Isack Hadjar,red_bull,22,8.0,8
standings,2026,17,Singapore Grand Prix,lawson,Liam Lawson,rb,9,9.0,9
standings,2026,17,Singapore Grand Prix,gasly,Pierre Gasly,alpine,8,10.0,10
standings,2026,17,Singapore Grand Prix,arvid_lindblad,Arvid Lindblad,rb,10,11.0,11
standings,2026,17,Singapore Grand Prix,colapinto,Franco Colapinto,alpine,16,12.0,12
standings,2026,17,Singapore Grand Prix,bearman,Oliver Bearman,haas,12,13.0,13
standings,2026,17,Singapore Grand Prix,bortoleto,Gabriel Bortoleto,audi,15,14.0,14
standings,2026,17,Singapore Grand Prix,hulkenberg,Nico Hülkenberg,audi,11,15.0,15
standings,2026,17,Singapore Grand Prix,ocon,Esteban Ocon,haas,13,15.0,16
standings,2026,17,Singapore Grand Prix,sainz,Carlos Sainz,williams,14,15.0,17
standings,2026,17,Singapore Grand Prix,alonso,Fernando Alonso,aston_martin,17,15.0,18
standings,2026,17,Singapore Grand Prix,albon,Alexander Albon,williams,18,19.0,19
standings,2026,17,Singapore Grand Prix,stroll,Lance Stroll,aston_martin,19,20.0,20
standings,2026,17,Singapore Grand Prix,perez,Sergio Pérez,cadillac,20,20.0,21
standings,2026,17,Singapore Grand Prix,bottas,Valtteri Bottas,cadillac,21,20.0,22
